F score,NB,alg2
F micro,0.683333333333327,0.683333333333327
F macro,0.6737081403680357,0.6737081403680357
