type,SGDClassifier,LinearSVC,MultinomialNB
acknowledge,1.0,1.0,1.0
agreement,0.26315789473684215,0.31578947368421056,0.31578947368421056
content,0.0,0.0,0.0
coordinating,0.0,0.0,0.0
criticism,0.6363636363636366,0.5909090909090913,0.5909090909090913
disagreement,0.3333333333333333,0.3333333333333333,0.6666666666666666
doubting,0.0,0.0,0.0
insulting,0.5,0.5,0.0
praise,0.0,1.0,1.0
references,0.16666666666666666,0.16666666666666666,0.16666666666666666
statement,0.625,0.6875,0.5
